<?xml version="1.0" encoding="UTF-8"?>
<beans xmlns="http://www.springframework.org/schema/beans"
	xmlns:xsi="http://www.w3.org/2001/XMLSchema-instance"
	xmlns:p="http://www.springframework.org/schema/p"
	xsi:schemaLocation="http://www.springframework.org/schema/beans  
               http://www.springframework.org/schema/beans/spring-beans-3.0.xsd">

	<bean class="mypack.Student" id="s1">
		<property name="name" value="Salman"></property>

	</bean>

	<bean id="e" class="mypack.Employee">
		<constructor-arg value="10" type="int"></constructor-arg>
		<constructor-arg value="Salman"></constructor-arg>
		<constructor-arg value="kottayam" ></constructor-arg>


	</bean>
	<bean id="a1" class="mypack.Address">  
<constructor-arg value="Ettumanooer"></constructor-arg>  
<constructor-arg value="Kottayam"></constructor-arg>  
<constructor-arg value="India"></constructor-arg>  
</bean>  
<bean id="e1" class="mypack.Employee">  
<constructor-arg value="12" type="int"></constructor-arg>  
<constructor-arg value="Sonoo"></constructor-arg>  
<constructor-arg>  
<ref bean="a1"/>  
</constructor-arg>  
</bean>  

</beans>